departamento,municipio,distrito,tipo_zona,nombre_zona,direccion,punto_referencia
Ahuachapán,Ahuachapán Norte,Atiquizaya,,,,
Ahuachapán,Ahuachapán Norte,El Refugio,,,,
Ahuachapán,Ahuachapán Norte,San Lorenzo,,,,
Ahuachapán,Ahuachapán Norte,Turín,,,,
Ahuachapán,Ahuachapán Centro,Ahuachapán,,,,
Ahuachapán,Ahuachapán Centro,Apaneca,,,,
Ahuachapán,Ahuachapán Centro,Concepción de Ataco,,,,
Ahuachapán,Ahuachapán Centro,Tacuba,,,,
Ahuachapán,Ahuachapán Sur,Guaymango,,,,
Ahuachapán,Ahuachapán Sur,Jujutla,,,,
Ahuachapán,Ahuachapán Sur,San Francisco Menéndez,,,,
Ahuachapán,Ahuachapán Sur,San Pedro Puxtla,,,,
San Salvador,San Salvador Norte,Aguilares,,,,
San Salvador,San Salvador Norte,El Paisnal,,,,
San Salvador,San Salvador Norte,Guazapa,,,,
San Salvador,San Salvador Oeste,Apopa,,,,
San Salvador,San Salvador Oeste,Nejapa,,,,
San Salvador,San Salvador Este,Ilopango,,,,
San Salvador,San Salvador Este,San Martín,,,,
San Salvador,San Salvador Este,Soyapango,,,,
San Salvador,San Salvador Este,Tonacatepeque,,,,
San Salvador,San Salvador Centro,Ayutuxtepeque,,,,
San Salvador,San Salvador Centro,Mejicanos,,,,
San Salvador,San Salvador Centro,San Salvador,,,,
San Salvador,San Salvador Centro,Cuscatancingo,,,,
San Salvador,San Salvador Centro,Ciudad Delgado,,,,
San Salvador,San Salvador Sur,Panchimalco,,,,
San Salvador,San Salvador Sur,Rosario de Mora,,,,
San Salvador,San Salvador Sur,San Marcos,,,,
San Salvador,San Salvador Sur,Santo Tomás,,,,
San Salvador,San Salvador Sur,Santiago Texacuangos,,,,
La Libertad,La Libertad Norte,Quezaltepeque,,,,
La Libertad,La Libertad Norte,San Matías,,,,
La Libertad,La Libertad Norte,San Pablo Tacachico,,,,
La Libertad,La Libertad Centro,San Juan Opico,,,,
La Libertad,La Libertad Centro,Ciudad Arce,,,,
La Libertad,La Libertad Oeste,Colón,,,,
La Libertad,La Libertad Oeste,Jayaque,,,,
La Libertad,La Libertad Oeste,Sacacoyo,,,,
La Libertad,La Libertad Oeste,Tepecoyo,,,,
La Libertad,La Libertad Oeste,Talnique,,,,
La Libertad,La Libertad Este,Antiguo Cuscatlán,,,,
La Libertad,La Libertad Este,Huizúcar,,,,
La Libertad,La Libertad Este,Nuevo Cuscatlán,,,,
La Libertad,La Libertad Este,San José Villanueva,,,,
La Libertad,La Libertad Este,Zaragoza,,,,
La Libertad,La Libertad Costa,Chiltiupán,,,,
La Libertad,La Libertad Costa,Jicalapa,,,,
La Libertad,La Libertad Costa,La Libertad,,,,
La Libertad,La Libertad Costa,Puerto de la Libertad,,,,
La Libertad,La Libertad Costa,Tamanique,,,,
La Libertad,La Libertad Costa,Teotepeque,,,,
La Libertad,La Libertad Sur,Comasagua,,,,
La Libertad,La Libertad Sur,Santa Tecla,,,,
Chalatenango,Chalatenango Norte,La Palma,,,,
Chalatenango,Chalatenango Norte,Citalá,,,,
Chalatenango,Chalatenango Norte,San Ignacio,,,,
Chalatenango,Chalatenango Centro,Nueva Concepción,,,,
Chalatenango,Chalatenango Centro,Tejutla,,,,
Chalatenango,Chalatenango Centro,La Reina,,,,
Chalatenango,Chalatenango Centro,Agua Caliente,,,,
Chalatenango,Chalatenango Centro,Dulce Nombre de María,,,,
Chalatenango,Chalatenango Centro,El Paraíso,,,,
Chalatenango,Chalatenango Centro,San Fernando,,,,
Chalatenango,Chalatenango Centro,San Francisco Morazán,,,,
Chalatenango,Chalatenango Centro,San Rafael,,,,
Chalatenango,Chalatenango Centro,Santa Rita,,,,
Chalatenango,Chalatenango Sur,Chalatenango,,,,
Chalatenango,Chalatenango Sur,Arcatao,,,,
Chalatenango,Chalatenango Sur,Azacualpa,,,,
Chalatenango,Chalatenango Sur,Comalapa,,,,
Chalatenango,Chalatenango Sur,Concepción Quezaltepeque,,,,
Chalatenango,Chalatenango Sur,El Carrizal,,,,
Chalatenango,Chalatenango Sur,La Laguna,,,,
Chalatenango,Chalatenango Sur,Las Vueltas,,,,
Chalatenango,Chalatenango Sur,Nombre de Jesús,,,,
Chalatenango,Chalatenango Sur,Nueva Trinidad,,,,
Chalatenango,Chalatenango Sur,Ojos de Agua,,,,
Chalatenango,Chalatenango Sur,Potonico,,,,
Chalatenango,Chalatenango Sur,San Antonio de la Cruz,,,,
Chalatenango,Chalatenango Sur,San Antonio Los Ranchos,,,,
Chalatenango,Chalatenango Sur,San Francisco Lempa,,,,
Chalatenango,Chalatenango Sur,San Isidro Labrador,,,,
Chalatenango,Chalatenango Sur,San José Cancasque,,,,
Chalatenango,Chalatenango Sur,San Miguel de Mercedes,,,,
Chalatenango,Chalatenango Sur,San José Las Flores,,,,
Chalatenango,Chalatenango Sur,San Luis del Carmen,,,,
Cuscatlán,Cuscatlán Norte,Suchitoto,,,,
Cuscatlán,Cuscatlán Norte,San José Guayabal,,,,
Cuscatlán,Cuscatlán Norte,Oratorio de Concepción,,,,
Cuscatlán,Cuscatlán Norte,San Bartolomé Perulapia,,,,
Cuscatlán,Cuscatlán Norte,San Pedro Perulapán,,,,
Cuscatlán,Cuscatlán Sur,Cojutepeque,,,,
Cuscatlán,Cuscatlán Sur,San Rafael Cedros,,,,
Cuscatlán,Cuscatlán Sur,Candelaria,,,,
Cuscatlán,Cuscatlán Sur,Monte San Juan,,,,
Cuscatlán,Cuscatlán Sur,El Carmen,,,,
Cuscatlán,Cuscatlán Sur,San Cristóbal,,,,
Cuscatlán,Cuscatlán Sur,Santa Cruz Michapa,,,,
Cuscatlán,Cuscatlán Sur,San Ramón,,,,
Cuscatlán,Cuscatlán Sur,El Rosario,,,,
Cuscatlán,Cuscatlán Sur,Santa Cruz Analquito,,,,
Cuscatlán,Cuscatlán Sur,Tenancingo,,,,
Cabañas,Cabañas Este,Sensuntepeque,,,,
Cabañas,Cabañas Este,Victoria,,,,
Cabañas,Cabañas Este,Dolores,,,,
Cabañas,Cabañas Este,Guacotecti,,,,
Cabañas,Cabañas Este,San Isidro,,,,
Cabañas,Cabañas Oeste,Ilobasco,,,,
Cabañas,Cabañas Oeste,Tejutepeque,,,,
Cabañas,Cabañas Oeste,Jutiapa,,,,
Cabañas,Cabañas Oeste,Cinquera,,,,
La Paz,La Paz Oeste,Cuyultitán,,,,
La Paz,La Paz Oeste,Olocuilta,,,,
La Paz,La Paz Oeste,San Juan Talpa,,,,
La Paz,La Paz Oeste,San Luis Talpa,,,,
La Paz,La Paz Oeste,San Pedro Masahuat,,,,
La Paz,La Paz Oeste,Tapalhuaca,,,,
La Paz,La Paz Oeste,San Francisco Chinameca,,,,
La Paz,La Paz Centro,El Rosario,,,,
La Paz,La Paz Centro,Jerusalén,,,,
La Paz,La Paz Centro,Mercedes La Ceiba,,,,
La Paz,La Paz Centro,Paraíso de Osorio,,,,
La Paz,La Paz Centro,San Antonio Masahuat,,,,
La Paz,La Paz Centro,San Emigdio,,,,
La Paz,La Paz Centro,San Juan Tepezontes,,,,
La Paz,La Paz Centro,San Luis La Herradura,,,,
La Paz,La Paz Centro,San Miguel Tepezontes,,,,
La Paz,La Paz Centro,San Pedro Nonualco,,,,
La Paz,La Paz Centro,Santa María Ostuma,,,,
La Paz,La Paz Centro,Santiago Nonualco,,,,
La Paz,La Paz Este,San Juan Nonualco,,,,
La Paz,La Paz Este,San Rafael Obrajuelo,,,,
La Paz,La Paz Este,Zacatecoluca,,,,
La Unión,La Unión Norte,Anamorós,,,,
La Unión,La Unión Norte,Bolívar,,,,
La Unión,La Unión Norte,Concepción de Oriente,,,,
La Unión,La Unión Norte,El Sauce,,,,
La Unión,La Unión Norte,Lislique,,,,
La Unión,La Unión Norte,Nueva Esparta,,,,
La Unión,La Unión Norte,Pasaquina,,,,
La Unión,La Unión Norte,Polorós,,,,
La Unión,La Unión Norte,San José La Fuente,,,,
La Unión,La Unión Norte,Santa Rosa de Lima,,,,
La Unión,La Unión Sur,Conchagua,,,,
La Unión,La Unión Sur,El Carmen,,,,
La Unión,La Unión Sur,Intipucá,,,,
La Unión,La Unión Sur,La Unión,,,,
La Unión,La Unión Sur,Meanguera del Golfo,,,,
La Unión,La Unión Sur,San Alejo,,,,
La Unión,La Unión Sur,Yayantique,,,,
La Unión,La Unión Sur,Yucuaiquín,,,,
Usulután,Usulután Norte,Santiago de María,,,,
Usulután,Usulután Norte,Alegría,,,,
Usulután,Usulután Norte,Berlín,,,,
Usulután,Usulután Norte,Mercedes Umaña,,,,
Usulután,Usulután Norte,Jucuapa,,,,
Usulután,Usulután Norte,El Triunfo,,,,
Usulután,Usulután Norte,Estanzuelas,,,,
Usulután,Usulután Norte,San Buenaventura,,,,
Usulután,Usulután Norte,Nueva Granada,,,,
Usulután,Usulután Este,Usulután,,,,
Usulután,Usulután Este,Jucuarán,,,,
Usulután,Usulután Este,San Dionisio,,,,
Usulután,Usulután Este,Concepción Batres,,,,
Usulután,Usulután Este,Santa María,,,,
Usulután,Usulután Este,Ozatlán,,,,
Usulután,Usulután Este,Tecapán,,,,
Usulután,Usulután Este,Santa Elena,,,,
Usulután,Usulután Este,California,,,,
Usulután,Usulután Este,Ereguayquín,,,,
Usulután,Usulután Oeste,Jiquilisco,,,,
Usulután,Usulután Oeste,Puerto El Triunfo,,,,
Usulután,Usulután Oeste,San Agustín,,,,
Usulután,Usulután Oeste,San Francisco Javier,,,,
Sonsonate,Sonsonate Norte,Juayúa,,,,
Sonsonate,Sonsonate Norte,Nahuizalco,,,,
Sonsonate,Sonsonate Norte,Salcoatitán,,,,
Sonsonate,Sonsonate Norte,Santa Catarina Masahuat,,,,
Sonsonate,Sonsonate Centro,Sonsonate,,,,
Sonsonate,Sonsonate Centro,Sonzacate,,,,
Sonsonate,Sonsonate Centro,Nahulingo,,,,
Sonsonate,Sonsonate Centro,San Antonio del Monte,,,,
Sonsonate,Sonsonate Centro,Santo Domingo de Guzmán,,,,
Sonsonate,Sonsonate Este,Izalco,,,,
Sonsonate,Sonsonate Este,Armenia,,,,
Sonsonate,Sonsonate Este,Caluco,,,,
Sonsonate,Sonsonate Este,San Julián,,,,
Sonsonate,Sonsonate Este,Cuisnahuat,,,,
Sonsonate,Sonsonate Este,Santa Isabel Ishuatán,,,,
Sonsonate,Sonsonate Oeste,Acajutla,,,,
Santa Ana,Santa Ana Norte,Masahuat,,,,
Santa Ana,Santa Ana Norte,Metapán,,,,
Santa Ana,Santa Ana Norte,Santa Rosa Guachipilín,,,,
Santa Ana,Santa Ana Norte,Texistepeque,,,,
Santa Ana,Santa Ana Centro,Santa Ana,,,,
Santa Ana,Santa Ana Este,Coatepeque,,,,
Santa Ana,Santa Ana Este,El Congo,,,,
Santa Ana,Santa Ana Oeste,Candelaria de la Frontera,,,,
Santa Ana,Santa Ana Oeste,Chalchuapa,,,,
Santa Ana,Santa Ana Oeste,El Porvenir,,,,
Santa Ana,Santa Ana Oeste,San Antonio Pajonal,,,,
Santa Ana,Santa Ana Oeste,San Sebastián Salitrillo,,,,
Santa Ana,Santa Ana Oeste,Santiago de La Frontera,,,,
San Vicente,San Vicente Norte,Apastepeque,,,,
San Vicente,San Vicente Norte,Santa Clara,,,,
San Vicente,San Vicente Norte,San Ildefonso,,,,
San Vicente,San Vicente Norte,San Esteban Catarina,,,,
San Vicente,San Vicente Norte,San Sebastián,,,,
San Vicente,San Vicente Norte,San Lorenzo,,,,
San Vicente,San Vicente Norte,Santo Domingo,,,,
San Vicente,San Vicente Sur,San Vicente,,,,
San Vicente,San Vicente Sur,Guadalupe,,,,
San Vicente,San Vicente Sur,Verapaz,,,,
San Vicente,San Vicente Sur,Tepetitán,,,,
San Vicente,San Vicente Sur,Tecoluca,,,,
San Vicente,San Vicente Sur,San Cayetano Istepeque,,,,
San Miguel,San Miguel Norte,Ciudad Barrios,,,,
San Miguel,San Miguel Norte,Sesori,,,,
San Miguel,San Miguel Norte,Nuevo Edén de San Juan,,,,
San Miguel,San Miguel Norte,San Gerardo,,,,
San Miguel,San Miguel Norte,San Luis de La Reina,,,,
San Miguel,San Miguel Norte,Carolina,,,,
San Miguel,San Miguel Norte,San Antonio del Mosco,,,,
San Miguel,San Miguel Norte,Chapeltique,,,,
San Miguel,San Miguel Centro,San Miguel,,,,
San Miguel,San Miguel Centro,Comacarán,,,,
San Miguel,San Miguel Centro,Uluazapa,,,,
San Miguel,San Miguel Centro,Moncagua,,,,
San Miguel,San Miguel Centro,Quelepa,,,,
San Miguel,San Miguel Centro,Chirilagua,,,,
San Miguel,San Miguel Oeste,Chinameca,,,,
San Miguel,San Miguel Oeste,Nueva Guadalupe,,,,
San Miguel,San Miguel Oeste,Lolotique,,,,
San Miguel,San Miguel Oeste,San Jorge,,,,
San Miguel,San Miguel Oeste,San Rafael Oriente,,,,
San Miguel,San Miguel Oeste,El Tránsito,,,,
Morazán,Morazán Norte,Arambala,,,,
Morazán,Morazán Norte,Cacaopera,,,,
Morazán,Morazán Norte,Corinto,,,,
Morazán,Morazán Norte,El Rosario,,,,
Morazán,Morazán Norte,Joateca,,,,
Morazán,Morazán Norte,Jocoaitique,,,,
Morazán,Morazán Norte,Meanguera,,,,
Morazán,Morazán Norte,Perquín,,,,
Morazán,Morazán Norte,San Fernando,,,,
Morazán,Morazán Norte,San Isidro,,,,
Morazán,Morazán Norte,Torola,,,,
Morazán,Morazán Sur,Chilanga,,,,
Morazán,Morazán Sur,Delicias de Concepción,,,,
Morazán,Morazán Sur,El Divisadero,,,,
Morazán,Morazán Sur,Gualococti,,,,
Morazán,Morazán Sur,Guatajiagua,,,,
Morazán,Morazán Sur,Jocoro,,,,
Morazán,Morazán Sur,Lolotiquillo,,,,
Morazán,Morazán Sur,Osicala,,,,
Morazán,Morazán Sur,San Carlos,,,,
Morazán,Morazán Sur,San Francisco Gotera,,,,
Morazán,Morazán Sur,San Simón,,,,
Morazán,Morazán Sur,Sensembra,,,,
Morazán,Morazán Sur,Sociedad,,,,
Morazán,Morazán Sur,Yamabal,,,,
Morazán,Morazán Sur,Yoloaiquín,,,,
